cat-espenak-meeus-2006-canon	primary	Espenak F., Meeus J. (2006) Five Millennium Canon of Solar Eclipses: -1999 to +3000, NASA/TP-2006-214141	https://eclipse.gsfc.nasa.gov/5MCSE/5MCSE-Text11.pdf	Read in full as PDF text (2,625 lines). Sections 1.3 to 1.6 give ephemerides, secular acceleration, k values and the map-accuracy statement with the reference-gore example for -1996 Oct 04. Note the Text10 link on the NASA publication page returns 404, Text11 is the live file.
cat-espenak-meeus-2009-catalog	primary	Espenak F., Meeus J. (2009) Five Millennium Catalog of Solar Eclipses: -1999 to +3000 (Revised), NASA/TP-2009-214174	https://eclipse.gsfc.nasa.gov/5MCSE/TP2009-214174.pdf	Read in full as PDF text (20,579 lines). The main method source: column definitions (1.2), VSOP87D and truncated ELP-2000/82 (1.3), n-dot -25.858 and correction c (1.4), k = 0.2724880 and 0.272281 (1.5), Delta T polynomials (2.7), uncertainty (2.8), statistics (3), Saros and Inex (5).
cat-nasa-5mkse-ascii	primary	NASA GSFC, Five Millennium Catalog of Solar Eclipses, ASCII table 5MKSEcatalog.txt (2008 Oct 07)	https://eclipse.gsfc.nasa.gov/5MCSE/5MKSEcatalog.txt	Downloaded (1.38 MB, 11,908 lines) and parsed: all 11,898 rows, type counts 4200/3956/3173/569, type-code tallies, per-century counts, gamma ranges per class, and the Kluepfel Saros formula and the Meeus chapter 54 method were verified against it.
cat-nasa-besselian-csv	primary	NASA GSFC, Besselian elements for all 11,898 eclipses of the Five Millennium Canon, CSV export	https://eclipse.gsfc.nasa.gov/eclipse_besselian_from_mysqldump2.csv	Downloaded (5.95 MB, 11,899 lines). Header read: catalog columns plus t0, cubic x and y, quadratic d, mu, l1, l2, tan f1, tan f2, tmin -3 to tmax +3 h, and six undocumented trailing columns PNS, UNS, NCN, nSer, nSeq, nJLE.
cat-nasa-secatalog	primary	NASA GSFC, Five Millennium Catalog of Solar Eclipses, web index and statistics page	https://eclipse.gsfc.nasa.gov/SEcat5/SEcatalog.html	Read live 2026-09-15. Gives the ephemeris statement, the Delta T regimes, type statistics with percentages, central versus non-central counts and eclipses-per-year distribution.
cat-nasa-secatkey	primary	NASA GSFC, Key to Catalog of Solar Eclipses	https://eclipse.gsfc.nasa.gov/SEcat5/SEcatkey.html	Read live 2026-09-15. Column definitions and the two-character eclipse type codes m, n, s, +, -, 2, 3, b, e.
cat-nasa-catalog-index	primary	NASA GSFC, Five Millennium Catalog of Solar Eclipses, century table index	https://eclipse.gsfc.nasa.gov/SEcat5/catalog.html	Read live 2026-09-15. Lists the 50 century tables from -1999 to +3000 and the credit line for reproduction.
cat-nasa-beselm	primary	NASA GSFC, Besselian Elements of Solar Eclipses, explanatory page	https://eclipse.gsfc.nasa.gov/SEcat5/beselm.html	Read live 2026-09-15. Defines the eight elements and links the CSV; gives no formulas for circumstances.
cat-nasa-sedata-2024	primary	NASA GSFC, Besselian Elements for the Total Solar Eclipse of 2024 April 08	https://eclipse.gsfc.nasa.gov/SEsearch/SEdata.php?Ecl=20240408	Read live 2026-09-15. Example of the per-eclipse polynomial element format with t0, coefficients, tan f1, tan f2, gamma, magnitude, Saros, Delta T and the VSOP87/ELP2000-82 statement.
cat-nasa-sesaros	primary	NASA GSFC, Eclipses and the Saros	https://eclipse.gsfc.nasa.gov/SEsaros/SEsaros.html	Read live 2026-09-15. Saros and Inex lengths, month values, series lifetimes, van den Bergh's matrix.
cat-nasa-seperiodicity	primary	NASA GSFC, Periodicity of Solar Eclipses	https://eclipse.gsfc.nasa.gov/SEsaros/SEperiodicity.html	Read live 2026-09-15. Ecliptic limits 15.39 to 18.59 degrees, 34.5-day eclipse season, 173.3-day node interval, t = a i + b s relation, 39 active series in 2008, 204 series in the catalog.
cat-nasa-saroscat	primary	NASA GSFC, Catalog of Solar Eclipse Saros Series 0 to 180	https://eclipse.gsfc.nasa.gov/SEsaros/SEsaroscat.html	Read live 2026-09-15. Per-series counts (69 to 86 eclipses), spans, first eclipse -2955 May 23 for series 0, last 4004 May 02 for series 180.
cat-nasa-sescatkey	primary	NASA GSFC, Key to Catalog of Solar Eclipse Saros Series	https://eclipse.gsfc.nasa.gov/SEsaros/SEScatkey.html	Read live 2026-09-15. Column key for the per-series tables; does not state the odd/even node rule.
cat-nasa-panorama	primary	NASA GSFC, Saros-Inex Panorama (Luca Quaglia and John Tilley)	https://eclipse.gsfc.nasa.gov/SEsaros/SEpanorama.html	Read live 2026-09-15. Excel panorama of 61,775 solar eclipses from -11000 to +15000, 911 Saros columns, computed with Solex.
cat-nasa-deltatpoly	primary	NASA GSFC, Polynomial Expressions for Delta T (2004 model used by the Five Millennium Canon)	https://eclipse.gsfc.nasa.gov/SEhelp/deltatpoly2004.html	Read live 2026-09-15. Twelve polynomials from -1999 to +3000, the -26 arcsec/cy^2 assumption and the correction c = -0.000012932 (y-1955)^2.
cat-nasa-deltat	primary	NASA GSFC, Delta T explanatory page	https://eclipse.gsfc.nasa.gov/SEhelp/deltaT.html	Read live 2026-09-15. Definition, the Morrison and Stephenson values with longitude shifts (71.6 degrees at -500), recent values 1970 to 2007.
cat-nasa-deltat2004	primary	NASA GSFC, Historical Values of Delta T (Morrison and Stephenson 2004 summary)	https://eclipse.gsfc.nasa.gov/SEhelp/deltat2004.html	Read live 2026-09-15. Summary of the 2004 paper: data, cubic splines -500 to +1950, standard errors, citation.
cat-nasa-uncertainty	primary	NASA GSFC, Uncertainty in Delta T	https://eclipse.gsfc.nasa.gov/SEhelp/uncertainty2004.html	Read live 2026-09-15. sigma = 0.8 t^2 for -1000 to +1200, Huber's formula with Q = 0.058 ms^2/yr and M = 2500 yr, tables of seconds and degrees of longitude.
cat-nasa-glossary	primary	NASA GSFC, Glossary of Solar Eclipse Terms	https://eclipse.gsfc.nasa.gov/SEhelp/SEglossary.html	Read live 2026-09-15. Definitions of gamma, greatest eclipse, magnitude, obscuration, umbra, antumbra, penumbra, central and non-central, hybrid.
cat-nasa-5mcse-page	primary	NASA GSFC, Five Millennium Canon of Solar Eclipses publication page	https://eclipse.gsfc.nasa.gov/SEpubs/5MCSE.html	Read live 2026-09-15. Download links for text and twelve map PDFs, ASCII catalog and Besselian CSV.
cat-nasa-5mkse-page	primary	NASA GSFC, Five Millennium Catalog of Solar Eclipses publication page	https://eclipse.gsfc.nasa.gov/SEpubs/5MKSE.html	Read live 2026-09-15. Download link for TP2009-214174.pdf and the ASCII catalog; restates ephemeris, n-dot and Delta T regimes.
cat-meeus-1991-aa	trade	Meeus J. (1991) Astronomical Algorithms, first edition, Willmann-Bell, Chapter 52 Eclipses	https://archive.org/details/astronomicalalgorithmsjeanmeeus1991	Read from the Internet Archive OCR text (chapter 52 in the 1991 edition, chapter 54 in the 1998 edition). Source of the |sin F| > 0.36 rule, the corrections to the time of maximum, P, Q, W, gamma, u, the thresholds 0.9972, 1.0260, 1.5433, 0.0047, 0.00464, the partial-magnitude formula and the stated accuracy of 0.36 min mean and 1.1 min maximum for 1951 to 2050. Graded trade as a recognised practitioner's own algorithm text.
cat-soniakeys-meeus-go	company	Keys S., meeus/v3/eclipse/eclipse.go, Go implementation of Astronomical Algorithms chapter 54 (MIT)	https://github.com/soniakeys/meeus/blob/master/v3/eclipse/eclipse.go	Read in full via the GitHub API. Reproduces the second-edition coefficients for F, M, M', Omega, E, the 16-term time correction, P, Q, gamma, u and the classification switch verbatim from the book; used as the source for the second-edition polynomial constants.
cat-squarewidget-meeus	unsourced	Still J., Calculate Future Solar Eclipses (C# walkthrough of Meeus chapter 54)	https://squarewidget.com/calculate-future-solar-eclipses/	Read live 2026-09-15. Blog post giving the second-edition mean new moon JDE and F expressions and the classification thresholds; used only to cross-check constants also present in the Go port.
cat-astronomy-engine	company	Cross D., Astronomy Engine, source file source/c/astronomy.c (MIT)	https://github.com/cosinekitty/astronomy	Source read in full via the GitHub API (13,061 lines). Quoted functions: CalcShadow, Astronomy_SearchGlobalSolarEclipse, GeoidIntersect, EclipseKindFromUmbra with the 0.014 km bias, PruneLatitude 1.8 degrees, constants EARTH_MEAN_RADIUS_KM 6371.0, MOON_MEAN_RADIUS_KM 1737.4, MOON_POLAR_RADIUS_KM 1736.0. README read for the accuracy claim and VSOP87 statement.
cat-swisseph-swecl	company	Astrodienst, Swiss Ephemeris source swecl.c (AGPL or commercial)	https://github.com/aloistr/swisseph/blob/master/swecl.c	Source read via the GitHub API (6,428 lines). Quoted: constants DSUN, DMOON, DEARTH, the eclipse_where central and non-central tests, the K lunation seed, the dt bracketing search, and the annular-total detection by sign change of the core diameter.
cat-swisseph-doc	company	Astrodienst, Swiss Ephemeris Programming Interface, section on swe_sol_eclipse_when_glob and swe_sol_eclipse_where	https://www.astro.com/swisseph/swephprg.htm	Read live 2026-09-15. Function signature, ifltype bits, tret[] slots, UT convention, attr[] contents; the Delta T model in use is not stated in the section read.
cat-skyfield-almanac	company	Rhodes B., Skyfield almanac documentation	https://rhodesmill.org/skyfield/almanac.html	Read live 2026-09-15. Confirms lunar_eclipses is the only eclipse function and that oppositions_conjunctions plus find_discrete locate new moons.
cat-skyfield-issue-1078	unsourced	python-skyfield issue 1078, Solar Eclipse calculation routine (May 2025)	https://github.com/skyfielders/python-skyfield/issues/1078	Read live 2026-09-15 with a partial page load. Describes the penumbra, umbra, antumbra test and claims near-perfect agreement with published sources.
cat-skyfield-pr-1076	unsourced	python-skyfield pull request 1076, Add routine and test for the solar eclipse calculation	https://github.com/skyfielders/python-skyfield/pull/1076	Read live 2026-09-15. Open at the time of reading. Method mirrors the lunar routine with a minimum search; author notes misidentifications for zero-duration and marginal partial eclipses.
cat-vangent-cycles	trade	van Gent R. H., A Catalogue of Eclipse Cycles, list of eclipse cycles	https://webspace.science.uu.nl/~gent0113/eclipse/eclipsecycles_cycles.htm	Read live 2026-09-15 via curl and text extraction. Source of the Kluepfel 1985 algorithm for the Saros number from the lunation number, the lunation-number offsets (Brown -953), the odd/even node rule, series lengths 1226 to 1550 years, and the k = m I + n S statement. Verified against all 11,898 NASA rows.
cat-vangent-tables	trade	van Gent R. H., A Catalogue of Eclipse Cycles, solar and lunar eclipse catalogues page	https://webspace.science.uu.nl/~gent0113/eclipse/eclipsecycles_tables.htm	Read live 2026-09-15. States that the EclipseWise six-millennium catalogs were computed from DE406; third-party statement, not confirmed on EclipseWise.
cat-stephenson-2016	peer-reviewed	Stephenson F. R., Morrison L. V., Hohenkerk C. Y. (2016) Measurement of the Earth's rotation: 720 BC to AD 2015, Proc. R. Soc. A 472, 20160404	https://pmc.ncbi.nlm.nih.gov/articles/PMC5247521/	Open-access copy read 2026-09-15. Quoted: +1.8 ms/cy lod trend versus +2.3 ms/cy tidal, the parabola Delta T = -320.0 + 32.5 ((year-1825)/100)^2 s, the roughly 1500-year oscillation, DE430 acceleration -25.82 arcsec/cy^2, the untimed-eclipse method and the cubic spline fit.
cat-morrison-stephenson-2004	peer-reviewed	Morrison L. V., Stephenson F. R. (2004) Historical values of the Earth's clock error Delta T and the calculation of eclipses, J. Hist. Astron. 35, 327-336	https://ui.adsabs.harvard.edu/abs/2004JHA....35..327M	Not read directly (ADS returned 405). Its Delta T spline table, standard errors and sigma = 0.8 t^2 rule were read as reproduced in NASA/TP-2009-214174 Sections 2.6 and 2.8 and on the NASA deltat2004 page.
cat-van-den-bergh-1955	trade	van den Bergh G. (1955) Periodicity and Variation of Solar (and Lunar) Eclipses, Tjeenk Willink, Haarlem	https://books.google.com/books/about/Periodicity_and_Variation_of_Solar_and_L.html?id=W8w0AQAAIAAJ	Not read. Its numbering scheme and Saros-Inex panorama are described from NASA/TP-2009-214174 Sections 5.6 to 5.8 and van Gent's catalogue.
cat-imcce-theories	primary	IMCCE and Observatoire de Paris, Le canon de l'IMCCE : les theories utilisees	https://media4.obspm.fr/public/ressources_lu/pages_visibilite-eclipses-soleil/stlp-canon-imcce-theories.html	Read live 2026-09-15. ELP2000, VSOP82, SLP98 Chebyshev ephemerides, Stephenson 1984 TT-UT adapted to the lunar theory, Lieske 1977 precession, Wahr 1981 nutation, Aoki 1992 sidereal time.
cat-imcce-parametres	primary	IMCCE and Observatoire de Paris, Le canon de l'IMCCE : les parametres physiques	https://media4.obspm.fr/public/ressources_lu/pages_visibilite-eclipses-soleil/stlp-canon-imcce-parametres.html	Read live 2026-09-15 via curl. Solar semidiameter 15'59.63", k = 0.2725076, equatorial radius 6,378,140 m, e^2 = 0.00669438, 1/f = 298.257.
cat-imcce-resultats	primary	IMCCE and Observatoire de Paris, Le canon de l'IMCCE : les resultats	https://media4.obspm.fr/public/ressources_lu/pages_visibilite-eclipses-soleil/stlp-canon-imcce-resultats.html	Read live 2026-09-15. 14,155 solar eclipses over 6,000 years; the per-type table did not render in the fetched page.
cat-imcce-canons	primary	IMCCE and Observatoire de Paris, Les canons d'eclipses de Soleil	https://media4.obspm.fr/public/ressources_lu/pages_visibilite-eclipses-soleil/stlp-canons-eclipses-soleil.html	Read live 2026-09-15. Describes Oppolzer 1887 (8,000 eclipses, -1207 to 2161), Mucke and Meeus 1983 (-2003 to 2526) and the IMCCE canon (-2999 to 3000).
cat-imcce-ssp-forms	primary	IMCCE, Solar eclipses online calculation service (ssp.imcce.fr)	https://ssp.imcce.fr/forms/solar-eclipses	Page body not readable (JavaScript application). Described only from search summaries: general and local circumstances with per-eclipse pages. Ephemeris version not established.
cat-hmnao-portal	primary	HM Nautical Almanac Office, Eclipse Portal (Eclipses Online)	https://astro.ukho.gov.uk/eclipse/	Not read: HTTP 503 on every attempt and no archive snapshot retrievable. Search-summary provenance only for the 1501 to 2100 span, 1,421 solar eclipses and the Astronomical Almanac software statement.
cat-jubier-5mcse	company	Jubier X., Five Millennium Canon of Solar Eclipses Database, interactive maps	http://xjubier.free.fr/en/site_pages/solar_eclipses/5MCSE/xSE_Five_Millennium_Canon.html	Read 2026-09-15 by direct HTTP curl (the HTTPS fetch is refused). Header text read: data from NASA TP-2006-214141, on-the-fly Google Maps and kmz for 11,898 eclipses, Saros filter -13 to 194, Delta T warning; the interactive part needs JavaScript.
cat-occult4	company	Herald D., Occult v4 Occultation Prediction Software, program page	http://www.lunar-occultations.com/iota/occult4.htm	Read 2026-09-15 by curl. Lists solar and lunar eclipses among the phenomena, C# on .NET 4.5, installation files. The DE441 statement comes from a search summary of a third-party map page and is unverified.
cat-timeanddate-accuracy	company	timeanddate.com, How Accurate Are Eclipse Predictions and related help pages	https://www.timeanddate.com/eclipse/accuracy.html	Not read: HTTP 403 and a JavaScript challenge on every attempt. Search-summary provenance only: Delta T is applied, magnitudes from Besselian elements, no ephemeris statement found.
cat-eclipsewise-catalog	company	Espenak F., EclipseWise Six Millennium Catalog of Solar Eclipses -2999 to +3000	https://eclipsewise.com/solar/SEcatalog/SEcatalog.html	Read live 2026-09-15. 14,261 eclipses: 5,042 P, 4,761 A, 3,820 T, 638 H. Ephemeris, Delta T and k not stated on the page.
cat-eclipsewise-catkey	company	Espenak F., EclipseWise Key to Catalog of Solar Eclipses	https://eclipsewise.com/solar/SEhelp/SEcatkey.html	Read live 2026-09-15. Same columns as NASA plus a Delta T Sigma column; type codes identical.
cat-eclipsewise-deltatpoly2014	company	Espenak F., EclipseWise Polynomial Expressions for Delta T (updated 2020 Jan 27)	https://eclipsewise.com/help/deltatpoly2014.html	Read live 2026-09-15. Revised polynomials with a 2015 to 3000 extrapolation replacing NASA's 2005 to 2050 and 2050 to 2150 expressions.
cat-eclipsewise-5mcse2	company	Espenak F., Five Millennium Canon of Solar Eclipses, second edition sales page	https://eclipsewise.com/pubs/5MCSE2.html	Read live 2026-09-15. Two volumes, -1999 to 0 and 1 to 3000; no technical changes listed.
cat-eclipsewise-periodicity	company	Espenak F., EclipseWise Periodicity of Solar Eclipses	https://eclipsewise.com/solar/SEhelp/SEperiodicity.html	Read live 2026-09-15. Same content as the NASA periodicity page with the Inex given as 10,571.9509 days.
cat-eclipsewise-saros	company	Espenak F., EclipseWise Eclipses and the Saros	https://eclipsewise.com/solar/SEhelp/SEsaros.html	Read live 2026-09-15. States the odd Saros number ascending node, even descending node rule and about forty series in progress.
cat-gmiller-besselian	company	Miller G., FiveMillenniumCanonOfSolarEclipses-Besselian-Elements (GitHub mirror of the NASA CSV as CSV, JSON, JavaScript)	https://github.com/gmiller123456/FiveMillenniumCanonOfSolarEclipses-Besselian-Elements	Read live 2026-09-15. Redistribution of NASA data with the NASA permission text; no processing documented.
cat-erikbern-eclipse-finder	unsourced	Bernhardsson E., eclipse-finder (Python, astropy, Modal)	https://github.com/erikbern/eclipse-finder	README read via the GitHub API. Brute-force astropy separation search for 2020 to 2030; evidence that astropy has no built-in eclipse finder.
cat-cjwinchester-almanac	unsourced	Winchester C., full-moons-solstices-equinoxes-eclipses (Python, Skyfield DE440, NASA 5MCSE for solar eclipses)	https://github.com/cjwinchester/full-moons-solstices-equinoxes-eclipses	README read via the GitHub API. Solar eclipses are copied from the NASA ASCII catalog, not computed.
cat-sedategenerator	company	i230010, sedategenerator_v2 (Python Besselian element CSV generator)	https://github.com/i230010/sedategenerator_v2	README read via the GitHub API. Output columns listed; method and validation undocumented.
cat-umbra-rs	unsourced	RyuuNeko1107, umbra-rs (experimental pure-Rust eclipse engine)	https://github.com/RyuuNeko1107/umbra-rs	README read via the GitHub API. Design-first AI-authored project, explicitly not ready for use, targets stated but not validated.
cat-rherale-eclipse-engine	company	RHerAle, Eclipse-Engine (JavaScript, AGPL-3.0, engine behind eclipseradar.com)	https://github.com/RHerAle/Eclipse-Engine	README read live 2026-09-15. Besselian elements fitted to JPL DE440s for 2026 to 2050, local circumstances, radiometry; no enumeration and no NASA comparison stated.
cat-libnova-headers	company	libnova, src/libnova header directory (GitHub mirror)	https://github.com/JohannesBuchner/libnova/tree/master/src/libnova	Directory listed via the GitHub API on 2026-09-15: 36 headers, none for eclipses, and a code search for "eclipse" in the repository returned zero results. Negative finding.
cat-meeus-1989-elements	trade	Meeus J. (1989) Elements of Solar Eclipses 1951-2200, Willmann-Bell	https://www.projectpluto.com/books.htm	Not read. Described from bookseller and search summaries and from Meeus 1991's own reference: Besselian elements for 570 eclipses with formulas for local circumstances, central line and limits.
cat-mucke-meeus-1983	trade	Mucke H., Meeus J. (1983) Canon of Solar Eclipses -2003 to +2526, Astronomisches Buero, Vienna	https://www.projectpluto.com/books.htm	Not read. Described from NASA/TP-2009-214174 Section 1 and the IMCCE canon page: Besselian elements and maps for 10,774 eclipses, day-side orthographic projection.
cat-oppolzer-1887	primary	Oppolzer T. von (1887) Canon der Finsternisse, English translation by O. Gingerich (1962), Dover	https://archive.org/details/canonofeclipsesc0000oppo	Not read. Described from NASA/TP-2009-214174 Section 1 (8,000 solar and 5,200 lunar eclipses, -1207 to +2161, hundreds of miles of path error, no Delta T) and from search coverage on the ten computers and circular-arc paths.
cat-wikipedia-saros	unsourced	Wikipedia, Saros (astronomy)	https://en.wikipedia.org/wiki/Saros_(astronomy)	Read live 2026-09-15. Saros = 6585.321347 d = 223 synodic = 241.999 draconic = 238.992 anomalistic months; even numbers at the descending node; 40 active series 117 to 156.
cat-wikipedia-inex	unsourced	Wikipedia, Inex	https://en.wikipedia.org/wiki/Inex	Read live 2026-09-15. Inex = 10,571.95 d = 358 synodic = 388.50011 draconic = 383.67351 anomalistic months; panorama of 61,775 eclipses.
cat-arxiv-frequency-2026	preprint	The Frequency of Solar Eclipses for a Given Place: A New Approach to a Classic Question (arXiv:2602.04797)	https://arxiv.org/abs/2602.04797	Abstract read live 2026-09-15. Total eclipse once per 373 +- 7 years at a given place, annular once per 226 +- 4, partial once per 2.59 +- 0.02; enumeration method and ephemeris not stated in the abstract.
