loc-es1961-local	peer-reviewed	Explanatory Supplement to the Astronomical Ephemeris and the American Ephemeris and Nautical Almanac (1961), section 9D "Solar eclipses: local circumstances", pp. 241-249	https://archive.org/details/explanatorysupplement1961	Official almanac chapter. Read from the archive.org OCR text (var/downloads/es1961_djvu.txt, lines 40694-41460). Gives the observer coordinates, hourly variations, greatest phase, contact-time solution with the auxiliary angle psi, position angles Q and V, magnitude, degree of obscuration and the differential corrections for longitude, latitude, height and Delta T.
loc-es1992-ch8	peer-reviewed	Explanatory Supplement to the Astronomical Almanac (Seidelmann ed., 1992), chapter 8, section 8.36 "Local circumstances"	https://archive.org/details/131123ExplanatorySupplementAstronomicalAlmanac	Official almanac chapter. Read from the archive.org OCR text (var/downloads/es1992_djvu.txt, lines 47555-47720). Restates the 1961 method in vector form, recommends inverse interpolation on u^2+v^2-L^2, and gives the magnitude and obscuration derivations (8.3621 to 8.3623).
loc-es2013-ch11	primary	Explanatory Supplement to the Astronomical Almanac, 3rd edition (Urban and Seidelmann eds., 2013), chapter 11 "Eclipses of the Sun and Moon"	https://aa.usno.navy.mil/publications/exp_supp	Not read. Cited only through the USNO eclipse reference list, which describes chapter 11 as an update of the 1992 eclipse chapter.
loc-usno-eclipse-ref	primary	USNO Astronomical Applications Department, "Eclipse Reference List"	https://aa.usno.navy.mil/faq/eclipse_ref	Read. Lists Chauvenet vol. 1 ch. X, Green (1985) ch. 18, the 3rd edition Explanatory Supplement ch. 11 and Meeus as the references for eclipse computation.
loc-usno-sec	primary	USNO Astronomical Applications Department, "Solar Eclipse Computer" (data service description)	https://aa.usno.navy.mil/data/SolarEclipses	Read. States the direct topocentric method: iterate topocentric Sun and Moon positions to find maximum eclipse, then search backwards and forwards for the contacts, with IAU radii Sun 696000 km and Moon 1737.4 km, and altitude corrected for standard refraction.
loc-buchanan-1904	survey	Roland Buchanan, "The Mathematical Theory of Eclipses according to Chauvenet's Transformation of Bessel's Method" (1904)	https://archive.org/stream/mathematicaltheo00buchuoft/mathematicaltheo00buchuoft_djvu.txt	Read from the archive.org OCR text (var/downloads/buchanan_djvu.txt). Gives Chauvenet's formulae for the angle of position Q = N + psi, the angle from the vertex V = Q - C (equations 276-279 and 380-385) and the old "digits" magnitude. Used as the accessible statement of Chauvenet's formulation.
loc-meeus-elements-1989	survey	Jean Meeus, "Elements of Solar Eclipses 1951-2200" (Willmann-Bell, 1989)	https://www.willbell.com/	Not read. The book's local-circumstances chapter is known here only through Jubier's acknowledgement that it supplied the algorithms of his calculator, Photo Ephemeris' method statement, and Bill Gray's review. Its formulation is the Explanatory Supplement one.
loc-meeus-aa-1998	survey	Jean Meeus, "Astronomical Algorithms", 2nd edition (Willmann-Bell, 1998), chapter 54 "Eclipses"	https://www.willbell.com/	Not read for this note. Chapter 54 gives gamma, u and the magnitude of a partial eclipse at greatest eclipse from the lunar phase theory. It does not give the observer-level Besselian reduction. Photo Ephemeris cites its Table 10.A for Delta T before 2006.
loc-projectpluto-books	trade	Bill Gray, "Books about celestial mechanics and astronomical calculations" (Project Pluto)	https://www.projectpluto.com/books.htm	Read. States that the heart of "Elements of Solar Eclipses" is the use of Besselian elements, that it contained everything needed to implement eclipse and occultation computations, and that it does not discuss generating the elements.
loc-jsex-program-js	primary	Chris O'Byrne and Fred Espenak, "Javascript Solar Eclipse Explorer", program.js (NASA GSFC, 2007, GPL)	https://eclipse.gsfc.nasa.gov/JSEX/program.js	Read in full (var/downloads/jsex_program.js, 1200 lines). The reference implementation of the Explanatory Supplement local-circumstances method in code: observer constants, time-dependent and time-and-location-dependent circumstances, Newton iteration for mid eclipse and the four contacts, P, V, altitude, azimuth, magnitude, obscuration and sunrise/sunset handling.
loc-jsex-index	primary	NASA GSFC, "JavaScript Solar Eclipse Explorer" index page	https://eclipse.gsfc.nasa.gov/JSEX/JSEX-index.html	Read. States authorship (O'Byrne, McCann, Espenak), that the Besselian elements and Delta T are those of the Five Millennium Canon, and the -1499 to +3000 validity limit set by Delta T uncertainty.
loc-jsex-key	company	Fred Espenak, "Key to JavaScript Solar Eclipse Explorer" (EclipseWise)	https://www.eclipsewise.com/solar/JSEX/JSEX-key.html	Read. Defines the output columns: magnitude as fraction of diameter, obscuration as fraction of area, (r) and (s) flags for events in progress at sunrise or sunset, duration of the central phase.
loc-jsex-data-2001	primary	NASA GSFC, JSEX element file SE2001.js	https://eclipse.gsfc.nasa.gov/JSEX/SE2001.js	Read the header (var/downloads/jsex_SE2001.js). Each eclipse is 28 numbers: JD of t0, t0 in hours TDT, tmin, tmax, Delta T twice, then the x, y, d, mu, L1, L2 polynomial coefficients and tan f1, tan f2.
loc-nasa-locirc-2001	primary	Fred Espenak and Jay Anderson, NASA TP 1999-209484 "Total Solar Eclipse of 2001 June 21", section "Local Circumstances Tables"	https://umbra.nascom.nasa.gov/eclipse/20010621/text/local-circumstances.html	Read. Defines P and V as measured counter-clockwise from the north and zenith points, states that for umbral eclipses the magnitude equals the topocentric ratio of diameters, that refraction, centre of figure and limb profile are not applied, and that elevation matters only near the umbral limits with the Sun below about 10 degrees.
loc-nasa-rp1383-alg	primary	Fred Espenak and Jay Anderson, NASA RP 1383 "Total Solar Eclipse of 1998 February 26", section "Algorithms, Ephemerides and Parameters"	https://umbra.nascom.nasa.gov/eclipse/980226/text/algorithms.html	Read. States DE200/LE200, Delta T = 63.4 s, k = 0.2722810 for umbral contacts and k = 0.2725076 for penumbral contacts.
loc-nasa-rp1383-limb	primary	Fred Espenak and Jay Anderson, NASA RP 1383 "Total Solar Eclipse of 1998 February 26", section "Lunar Limb Profile"	https://eclipse.gsfc.nasa.gov/SEpubs/19980226/text/lunar-limb-profile.html	Read. Describes the contact-time correction as the time between the Sun tangent to the mean limb and tangent to the lowest valley (total) or highest peak (annular) at the contact position angle, gives the Maracaibo example C2 = -2.5 s and C3 = -1.0 s, cites Herald (1983) and says the same operation predicts Baily's beads.
loc-nasa-limb-help	primary	Fred Espenak, NASA GSFC, "The Lunar Limb Profile and Eclipse Predictions"	https://eclipse.gsfc.nasa.gov/SEhelp/limb.html	Read. Watts corrections bring predictions to better than 0.5 s, uncorrected times can be off by 2 to 3 s and more near the path limits, Kaguya and LRO data reach about 0.2 s.
loc-nasa-explain	primary	Fred Espenak, NASA GSFC, "Explanation of Solar Eclipse Predictions" (NASA eclipse bulletins reference)	https://eclipse.gsfc.nasa.gov/SEmono/reference/explain.html	Read. States DE200/LE200, centre-of-mass positions with no centre-of-figure, limb or refraction corrections, and the magnitude versus obscuration definitions.
loc-eclipsewise-radius	company	Fred Espenak, "Solar Eclipse Predictions and the Mean Lunar Radius" (EclipseWise)	https://www.eclipsewise.com/solar/SEhelp/SEradius.html	Read. Gives k = 0.2724880 (USNO 1968-1980, penumbral and annular), k = 0.272281 (umbral contacts of total eclipses), k = 0.2725076 (IAU 1982), and the 2017 Illinois example 2m40.3s versus 2m44.3s.
loc-eclipsewise-glossary	company	Fred Espenak, "Glossary of Solar Eclipse Terms" (EclipseWise)	https://www.eclipsewise.com/solar/SEhelp/SEglossary.html	Read. Definitions of eclipse magnitude, eclipse obscuration and the four contacts.
loc-eclipsewise-limb	company	Fred Espenak, "Lunar Limb Profile and Eclipse Predictions" (EclipseWise)	https://eclipsewise.com/solar/SEhelp/SElimb.html	Read. Same correction magnitudes as the NASA help page, with Kaguya and LRO named as the newer sources.
loc-5mcse-text	primary	Fred Espenak and Jean Meeus, NASA TP 2009-214174 "Five Millennium Catalog of Solar Eclipses: -1999 to +3000", introductory text	https://eclipse.gsfc.nasa.gov/SEpubs/5MCSE.html	Read from the extracted PDF text (var/downloads/TP2009-214174.txt). Gives the centre-of-figure convention (+0.50 arcsec longitude, -0.25 arcsec latitude, not applied by the authors), the k history and the statement that ephemeris truncation errors are of order 1/40 s in eclipse phase times.
loc-swecl-c	company	Swiss Ephemeris, swecl.c (functions eclipse_how, eclipse_when_loc, swe_sol_eclipse_how, swe_sol_eclipse_when_loc)	https://raw.githubusercontent.com/aloistr/swisseph/master/swecl.c	Read (var/downloads/swecl.c). Direct topocentric implementation: DSUN = 1392000 km, DMOON = 3476.3 km, angular separation from unit vectors, two-circle lens obscuration, rmoon scaled by 0.99916 for second and third contacts, bracketing search with find_zero.
loc-swephprg	company	Astrodienst, "Swiss Ephemeris Programming Interface", sections on swe_sol_eclipse_how and swe_sol_eclipse_when_loc	https://www.astro.com/swisseph/swephprg.htm	Read. Documents attr[0] fraction of diameter, attr[1] ratio of diameters, attr[2] obscuration, attr[8] NASA-style magnitude, and tret[0..6] maximum, contacts one to four, sunrise and sunset.
loc-stellarium-sec	company	Stellarium, src/core/modules/SolarEclipseComputer.cpp	https://github.com/Stellarium/stellarium/blob/master/src/core/modules/SolarEclipseComputer.cpp	Read (var/downloads/stellarium_SolarEclipseComputer.cpp). Computes Besselian elements on the fly from the geocentric apparent Sun and Moon with k = 0.2725076, s = 0.272281, Sun/Earth radius ratio 109.12278, and derivatives by +/-5 minute finite differences. Cites the 1961 Explanatory Supplement.
loc-stellarium-astrocalc	company	Stellarium, src/gui/AstroCalcDialog.cpp, function localSolarEclipse	https://github.com/Stellarium/stellarium/blob/master/src/gui/AstroCalcDialog.cpp	Read (var/downloads/stellarium_AstroCalcDialog.cpp, lines 3379-3445). Observer-level circumstances from the on-the-fly elements: xi, eta, zeta, u, v, the auxiliary angle, the time correction dt = L cos(psi)/n - (u u' + v v')/n^2, magnitude and altitude.
loc-stellarium-disc-2370	unsourced	Stellarium GitHub discussion #2370 "Eclipse Finder"	https://github.com/Stellarium/stellarium/discussions/2370	Read. Maintainer worachate001 says (2022) that lunar-eclipse contact times and solar eclipse maps were future enhancements. No method detail.
loc-skyfield-807	unsourced	python-skyfield issue #807 "An idea(?) for finding a solar eclipse"	https://github.com/skyfielders/python-skyfield/issues/807	Read. A user proposes separation_from() between apparent topocentric Sun and Moon from wgs84.latlon as the eclipse detector. Feature request, no library function existed.
loc-skyfield-examples	company	Skyfield documentation, "Examples"	https://rhodesmill.org/skyfield/examples.html	Read. Contains the separation_from() and angular-diameter examples (arcsin(radius/distance) times 2). No solar eclipse example and no contact-time function.
loc-pyephem-quick	company	PyEphem documentation, "Quick Reference"	https://rhodesmill.org/pyephem/quick.html	Read. Bodies expose radius and size, separation() gives the angle between two positions, Observer has elevation, pressure and temperature for refraction. No eclipse function.
loc-sunpy-eclipse-amount	company	sunpy documentation, sunpy.coordinates.sun.eclipse_amount	https://docs.sunpy.org/en/stable/generated/api/sunpy.coordinates.sun.eclipse_amount.html	Read. Obscuration from an observer SkyCoord with a constant lunar radius, moon_radius='IAU' (0.2725076) or 'minimum' (0.272281), light-time included, JPL ephemeris recommended.
loc-astropy-common-errors	company	astropy documentation, "Common mistakes" (coordinates)	https://docs.astropy.org/en/stable/coordinates/common_errors.html	Read via search summary only. Warns that separation() is evaluated in the frame of the first coordinate, so a barycentric ICRS separation is not the topocentric separation.
loc-erikbern-2024	unsourced	Erik Bernhardsson, "Predicting solar eclipses with Python" (2024)	https://erikbern.com/2024/04/07/predicting-solar-eclipses-with-python.html	Read. Uses astropy get_body for Sun and Moon at an EarthLocation and minimises moon.separation(sun) with scipy Nelder-Mead. No contact times or obscuration.
loc-spice-gfoclt	primary	NAIF, CSPICE gfoclt_c documentation	https://naif.jpl.nasa.gov/pub/naif/toolkit_docs/C/cspice/gfoclt_c.html	Read. Occultation types FULL, ANNULAR, PARTIAL, ANY; shapes ELLIPSOID, POINT, DSK; aberration corrections NONE, LT, CN, XLT, XCN; step size must be shorter than the shortest event; SPICE_GF_CNVTOL convergence; example finds the December 2001 solar eclipse from the geocentre.
loc-spice-gfsep	primary	NAIF, CSPICE gfsep_c documentation	https://naif.jpl.nasa.gov/pub/naif/toolkit_docs/C/cspice/gfsep_c.html	Read. Angular separation search with shapes SPHERE and POINT and relations =, <, >, LOCMIN, LOCMAX, ABSMIN, ABSMAX.
loc-horizons-manual	primary	JPL Solar System Dynamics, "Horizons manual"	https://ssd.jpl.nasa.gov/horizons/manual.html	Read. No eclipse product. Observer tables give apparent RA/Dec, angular diameter and elongation from a topocentric site with an optional refraction model, from which an eclipse can be assembled.
loc-jubier-calc-instr	company	Xavier Jubier, "Solar Eclipse Calculator and Diagram Instructions" (v1.0.6, 2007)	http://xjubier.free.fr/en/site_pages/SolarEclipseCalc_Instructions.html	Read (curl, var/downloads/jubier_calc_instr.html; the host refused the fetch tool). Defines P, V as o'clock, LC limb correction applied to C2 and C3, umbral depth, says refraction is not modelled, limb corrections change C2/C3 by a few seconds, extrapolated Delta T good to better than 0.5 s, and credits Meeus (Elements, Astronomical Algorithms) and Espenak for elements and limb data.
loc-jubier-sem-beads	company	Xavier Jubier, Solar Eclipse Maestro Help, "Baily's Beads Study Window"	http://xjubier.free.fr/en/site_pages/solar_eclipses/Solar_Eclipse_Maestro_Help/pgs/c1sem70.html	Read (curl). LRO limb profile against the Sun's limb at C2, C3 and maximum; horizontal axis position angle of axis in degrees, vertical axis arcseconds relative to k = 0.2725076 (1738.091 km); C2/C3 uncorrected and C2'/C3' corrected; the brown line is the reduced radius k2 used for uncorrected contacts.
loc-jubier-sem-what	company	Xavier Jubier, Solar Eclipse Maestro Help, "What Is Solar Eclipse Maestro?"	http://xjubier.free.fr/en/site_pages/solar_eclipses/Solar_Eclipse_Maestro_Help/pgs/c0sem.html	Read (curl). Lists refraction, lunar limb profile effects and Delta T correction as supported, UTC event times to sub-second, limb corrections and Baily's beads simulation, and the requirement to know the site to about 200 m and the clock to 0.5 s.
loc-pasachoff-jubier-wright-2017	preprint	Jay M. Pasachoff, Xavier M. Jubier and Ernest T. Wright, "Syzygy Information: Lunar Limb Profiles at Total Solar Eclipses", DPS poster 417.17 (2017)	https://sites.williams.edu/eclipse/files/2020/10/ecl17-DPS-Provo-Bailysbeads-417.17-Jubier.pdf	Read (PDF via archive, var/downloads/jubier_poster.txt). States that the umbra outline is a polygon whose sides correspond to single limb valleys, that 18000 limb points reduce to 49 vertices for 2017 August 21 18:00 UTC, that terrain shifts the outline by about h cot(a), that the IAU 2015 radius would lengthen totality by up to 2 s, and proposes 959.98 +/- 0.02 arcsec as the photospheric radius.
loc-occult4-page	company	David Herald, "Occult v4" program page	http://www.lunar-occultations.com/iota/occult4.htm	Read (curl). Lists solar and lunar eclipses among the phenomena Occult predicts and analyses. No method detail on the page.
loc-rasnz-software	trade	RASNZ Occultation Section, "Software"	https://www.occultations.org.nz/software/software.htm	Read. States that Occult predicts solar eclipses, plots maps, computes local circumstances and computes Baily's bead predictions (Windows only).
loc-gae-double-diamond	company	Michael Zeiler, "Double Diamond Ring" (Great American Eclipse)	https://www.greatamericaneclipse.com/double-diamond-ring	Read. Kaguya-derived limb profiles from Herald, processed with Jubier's Solar Eclipse Maestro; each chord of the umbral polygon is one Baily's bead and a vertex between chords is where a double diamond ring is seen.
loc-tpe-technote	company	Crookneck Consulting, "Technical Note: Solar Eclipse Functionality" (The Photographer's Ephemeris)	https://photoephemeris.com/en/help/photo-ephemeris-web/technical-note-solar-eclipse-functionality	Read. Method from Meeus Elements, the Astronomical Almanac 2023 and the 3rd edition Explanatory Supplement; Espenak's NASA elements; Delta T from Meeus Table 10.A, USNO deltat.data and deltat.preds and the NASA polynomial; smooth Moon with limb effects "typically a few seconds, up to about 15 s"; refraction applied to altitude with circular limbs; SRTM/ASTER elevation.
loc-tpe-beads-verification	company	Crookneck Consulting, "Verification of Baily's Beads Simulation" (The Photographer's Ephemeris)	https://photoephemeris.com/en/help/photo-ephemeris-web/verification-of-bailys-beads-simulation/	Read. Kaguya/Herald limb data; default solar radius 959.95 arcsec; 960.01 arcsec (Guhl 2023) gave the best match for the 2023 annular eclipse video beads.
loc-be-solar-radius	trade	Besselian Elements team (Luca Quaglia, John Irwin and others), "The solar radius and its impact on eclipse computations"	https://www.besselianelements.com/the-solar-radius-and-its-impact-on-eclipse-computations/	Read. For 2017 August 21 at the Oregon/Idaho border, moving from 959.63 to about 960 arcsec shortens centreline totality from 130 s to 128 s and near the southern edge from 34 s to 13 s.
loc-be-2013-contacts	trade	Luca Quaglia, Konstantinos Emmanouilidis and John Irwin, "Timing of the internal contacts of the 2013 Nov 03 total solar eclipse by flash spectrum analysis" (Besselian Elements)	https://www.besselianelements.com/timing-of-the-internal-contacts-of-the-2013-nov-03-total-solar-eclipse/	Read. Observed C2 about 1 s later and C3 about 1 s earlier than predicted with 959.63 arcsec, duration about 2 s shorter; limb-profile sampling of 0.2 degrees can move a contact by 0.25 s; compatible radius 959.90 to 960.00 arcsec.
loc-be-maps-accuracy	trade	Besselian Elements team, "Experimentally Testing Eclipse Maps Accuracy" (2024 April 8, Stephenville, Texas)	https://www.besselianelements.com/eclipse-maps-accuracy/	Read. Observed C2 18:39:06.6 and C3 18:39:20.3 UTC, 13.7 s; Irwin's prediction 18:39:06.1 and 18:39:19.0 agreed within uncertainty while other published sources differed by tens of seconds at this near-edge site.
loc-eclipse-chasers-calc	trade	Bill Kramer, "Calculator Details" (eclipse-chasers.com)	https://eclipse-chasers.com/html/tseCalculatorDetails.shtml	Read. DE200/LE200 centre-of-mass elements, refraction from tabulated standard atmospheres, horizon dip above 100 m, optional Watts or Kaguya/Herald limb corrections, deviation under 1 s in duration for most eclipses.
loc-timeanddate-accuracy	company	timeanddate.com, "How accurate are our eclipse calculations?"	https://www.timeanddate.com/eclipse/accuracy.html	Read via search summary. Delta T uncertainty dominates far from the present, path edges limited to 1 to 2 km by the lunar limb profile.
loc-jones-2026-frequency	preprint	Graham Jones, Renate Mauland-Hus, Frank Thomas Tveter, Anne Buckle and others (timeanddate), "The Frequency of Solar Eclipses for a Given Place: A New Approach to a Classic Question", arXiv:2602.04797	https://arxiv.org/abs/2602.04797	Read the abstract only. The timeanddate team's own eclipse engine applied to site frequency statistics.
loc-eclipse-engine	company	R. Herrera Alegría, "Eclipse-Engine" (eclipseradar.com engine), js/besselian.js	https://github.com/RHerAle/Eclipse-Engine	README and js/besselian.js read (var/downloads/eclipse_engine_besselian.js). Observer from the geodetic latitude with N = 1/sqrt(1 - e^2 sin^2), height in units of 6378.1366 km, hour angle mu + lambda - 1.002738 Delta T, two-circle lens obscuration, NASA two-branch magnitude, golden-section for maximum and bisection for contacts on m - L1 and m - |L2|.
loc-aravpanwar-besselian	company	aravpanwar, "besselian: Solar eclipse local circumstances from Besselian elements, intersected with populated places"	https://github.com/aravpanwar/besselian	README read. Python; k1 = 0.272488 and k2 = 0.272281; Delta T = 76.0 s for 2027; validated greatest-eclipse altitude 81.69 versus 81.7 degrees and duration 382.5 s; notes limb adjustments of 1 to 3 s and 1 to 2 km.
loc-sr123-eclipse-2026	company	SR123, "eclipse-2026" interactive simulator, eclipse.js	https://github.com/SR123/eclipse-2026	README and eclipse.js read (var/downloads/sr123_eclipse.js). NASA elements for 2026 August 12 with Delta T = 71.4 s, rho sin/cos phi' with 0.99664719 and no height, lens-area obscuration, NASA two-branch magnitude. Cross-checked against NASA and timeanddate by its author.
loc-spamfour-solareclipse	unsourced	sPaMFouR, "SolarEclipse: Python script to aid with simulating local circumstances"	https://github.com/sPaMFouR/SolarEclipse	README read. astropy and astroplan based. No method statement.
loc-umbra-rs	unsourced	RyuuNeko1107, "umbra-rs: experimental pure-Rust solar eclipse prediction engine"	https://github.com/RyuuNeko1107/umbra-rs	README read. Work in progress at milestone 1, crates unpublished, local circumstances not yet implemented.
loc-libnova-src	company	libnova source tree, src/ (JohannesBuchner mirror)	https://github.com/JohannesBuchner/libnova/tree/master/src	File list read through the GitHub API. Contains solar.c, lunar.c, parallax.c, refraction.c and angular_separation.c but no eclipse module.
loc-solareclipses-obscuration	unsourced	solareclipses.com, "Solar Eclipse Magnitude and Obscuration: classic derivation"	https://solareclipses.com/pages/obscuration_classic_derivation.html	Read. Closed form for obscuration from the magnitude M and radius ratio r with b = r + 1 - 2M, correcting a sign error in Sridhar et al.
loc-sridhar-2012	preprint	Sarrvesh Seethapuram Sridhar, S. Pradeep Sundar, I. Kenny Jackson and P. Kannan, "Detection and Analysis of Solar Eclipse", Proc. SPIE 8285 (2011), arXiv:1206.1437	https://arxiv.org/abs/1206.1437	Abstract read. Image-analysis derivation of magnitude and obscuration from eclipse photographs.
